,fixed acidity,volatile acidity,citric acid,residual sugar,chlorides,free sulfur dioxide,total sulfur dioxide,density,pH,sulphates,alcohol
mean,8.31963727329581,0.5278205128205128,0.2709756097560976,2.53880550343965,0.08746654158849279,15.874921826141339,46.46779237023139,0.9967466791744841,3.3111131957473416,0.6581488430268917,10.422983114446529
variance,3.0295205688671114,0.0320423261333205,0.03792375112494089,1.9866539202698996,0.0022137573233114347,109.34645676374501,1081.42563558916,3.5598017926307083e-06,0.023820274241131787,0.02871464701398349,1.1349371714889036
