,geometric,top_1,top_2,top_3
wine_shap_ranking,2.053548523283708,0.9615832157114916,1.0580575376523849,1.584962500721156
wine_exact_ranking_std_0.1,2.5031343135657926,1.6688257021577673,1.9242402810208659,2.1715058361773822
wine_exact_ranking_std_0.3,2.3241039704998907,1.3719704987288157,1.7101425040433504,1.9996416757530295
wine_exact_ranking_std_1.0,2.3174160958763705,1.3049201523582004,1.5845727865352066,2.012386201511146
