,geometric,top_1,top_2,top_3
housing_shap_ranking,2.570183858045049,1.7482227572177278,2.3940557123385227,2.6342481202637327
housing_exact_ranking_std_0.1,2.774151622016711,2.3236165955256727,2.651502656003678,2.8349138150925675
housing_exact_ranking_std_0.3,2.623956055564742,1.9786528913473775,2.37648183924848,2.675617019718479
housing_exact_ranking_std_1.0,2.3827692604542934,0.533870124823374,2.1758927917375583,2.622162102202852
