,test_time,Jitter_8_,Jitter_Abs_,Jitter_RAP,Jitter_PPQ5,Jitter_DDP,Shimmer,Shimmer_dB_,Shimmer_APQ3,Shimmer_APQ5,Shimmer_APQ11,Shimmer_DDA,NHR,HNR,RPDE,DFA,PPE
mean,92.86372204595745,0.006153761702127659,4.4027118297872336e-05,0.002987184680851064,0.0032768510638297873,0.00896167659574468,0.03403521702127659,0.31095999999999996,0.017155703829787233,0.02014418382978723,0.027480861276595745,0.05146694127659574,0.032119817531914896,21.679495148936173,0.5414729327659574,0.6532396561702127,0.21958917906382977
variance,2855.9461805378755,3.162655953470349e-05,1.2945817059596225e-09,9.756584039935537e-06,1.3921993931009507e-05,8.780988370817563e-05,0.0006673417719826889,0.05300772520851063,0.00017519145898972998,0.0002776393929125896,0.0003993780177773516,0.0015767262823378285,0.0035625648506581093,18.410372949550933,0.01019639341228399,0.005026237317328589,0.008370549378197723
