,geometric,top_1,top_2,top_3
wine_shap_ranking,2.666080482845481,1.8827710288138721,2.3133132466383386,2.65113560814748
wine_exact_ranking_std_0.1,3.288669889968993,3.068616027284292,3.229148316797274,3.2969081575377372
wine_exact_ranking_std_0.3,3.128966610192838,2.7077579199900836,2.96930797978423,3.1607798629664647
wine_exact_ranking_std_1.0,2.739523978815444,1.7297173243501978,2.401796569493391,2.846391279367754
