,ExternalRiskEstimate,MSinceOldestTradeOpen,MSinceMostRecentTradeOpen,AverageMInFile,NumSatisfactoryTrades,NumTrades60Ever2DerogPubRec,NumTrades90Ever2DerogPubRec,PercentTradesNeverDelq,MSinceMostRecentDelq,MaxDelq2PublicRecLast12M,MaxDelqEver,NumTotalTrades,NumTradesOpeninLast12M,PercentInstallTrades,MSinceMostRecentInqexcl7days,NumInqLast6M,NumInqLast6Mexcl7days,NetFractionRevolvingBurden,NetFractionInstallBurden,NumRevolvingTradesWBalance,NumInstallTradesWBalance,NumBank2NatlTradesWHighUtilization,PercentTradesWBalance
mean,72.11419095615229,201.07957836352693,9.761018237082068,78.94516210739614,21.08789260385005,0.5683890577507599,0.3747467071935157,92.40096251266463,50.82639955527556,5.756965552178318,6.382472137791287,22.647796352583587,1.8487841945288754,34.64830293819656,6.591525174221688,1.4630192502532928,1.403242147922999,34.84980151456333,68.41398042816671,4.087038022528381,2.475941180058983,1.092201397011416,66.38093044312949
variance,96.78631681128735,9418.942969597223,179.99823219520945,1167.9553261388683,126.63335898340021,1.4208548516735802,0.900471693694831,138.30934051227248,1154.6160042728097,2.7072716431902473,3.401840697045379,168.7228370892268,3.32566468189811,325.6646830369012,88.26602371027609,4.792958665282922,4.6236166414657,823.090412925182,390.30179423122286,8.832371578901668,2.3879367959170583,2.17559296265227,484.9971211422521
