,geometric,top_1,top_2,top_3
housing_shap_ranking,2.0937806289716887,1.0774429460221935,1.548959907751903,1.584962500721156
housing_exact_ranking_std_0.1,2.333056045301502,1.2046418661022664,1.9355617873598465,2.2315180479086374
housing_exact_ranking_std_0.3,2.230393924251415,0.7764281266943179,1.770394314238422,2.177596361078095
housing_exact_ranking_std_1.0,2.1380858405046577,0.03097093325509432,1.6337715282325767,2.0666706651421216
